Nodes;tot_dist_to_sink;tot_dist_to_disturber;dist_sink_to_disturber;send_intval (sec);MAC;INT_DY (%);Latency;PER;ENG_sink;ENG_source
1;6.997142273814361;19.386593305684215;12.52836781069266;6.0;TDMA;0;43.2264;11.559139784946234;15.6945864;19.7149882875
1;6.997142273814361;19.386593305684215;12.52836781069266;6.0;TDMA;10;36.0654;16.344086021505376;15.6297091125;20.48682945
1;6.997142273814361;19.386593305684215;12.52836781069266;12.0;TDMA;0;40.6224;19.444444444444443;15.417475125;19.635752775
1;6.997142273814361;19.386593305684215;12.52836781069266;12.0;TDMA;5;38.2788;12.5;15.48781815;20.157348675
1;6.997142273814361;19.386593305684215;12.52836781069266;12.0;TDMA;10;36.455999999999996;21.875;15.476009475;20.5386951375
1;6.997142273814361;19.386593305684215;12.52836781069266;18.0;TDMA;0;39.4506;0.0;15.45324225;19.566708375
1;6.997142273814361;19.386593305684215;12.52836781069266;18.0;TDMA;5;33.5916;10.0;15.51574515;19.8377185875
1;6.997142273814361;19.386593305684215;12.52836781069266;18.0;TDMA;10;42.9884;14.646464646464649;15.433939912499998;20.304073162500003
1;6.997142273814361;19.386593305684215;12.52836781069266;18.0;TDMA;15;41.7942;10.0;15.5603247375;19.985258100000006
1;6.997142273814361;19.386593305684215;12.52836781069266;18.0;TDMA;20;36.7164;27.272727272727273;15.4336855875;20.471085450000004
1;24.0;25.05673562138532;7.2;6.0;TDMA;0;39.1169625;17.489919354838708;15.6617001;20.3166838875
1;24.0;25.05673562138532;7.2;6.0;TDMA;5;41.01300000000001;16.666666666666668;15.6306984;20.347716899999998
1;24.0;25.05673562138532;7.2;6.0;TDMA;15;38.82946666666667;23.33333333333333;15.5599632375;21.1030459125
1;24.0;25.05673562138532;7.2;6.0;TDMA;20;36.9768;29.802955665024637;15.6104128125;21.3579895125
1;24.0;25.05673562138532;7.2;12.0;TDMA;0;38.0184;20.48611111111111;15.4828843125;19.9597379625
1;24.0;25.05673562138532;7.2;18.0;TDMA;5;38.6694;9.545454545454547;15.5596213875;19.9449657
1;24.0;25.05673562138532;7.2;18.0;TDMA;15;40.2318;20.0;15.5067303;20.3117878875
1;10.8;30.215227948834013;33.27701909726891;6.0;TDMA;0;40.1016;10.0;15.606254925000002;19.8710601375
1;10.8;30.215227948834013;33.27701909726891;6.0;TDMA;5;37.107;15.229885057471266;15.662416874999998;20.10770505
1;10.8;30.215227948834013;33.27701909726891;6.0;TDMA;10;42.0546;24.623655913978496;15.4978595625;20.5918242375
1;10.8;30.215227948834013;33.27701909726891;6.0;TDMA;15;40.361999999999995;21.05911330049261;15.5699015625;20.83326675
1;10.8;30.215227948834013;33.27701909726891;12.0;TDMA;0;44.7888;6.458333333333334;15.490164112500002;19.5534023625
1;10.8;30.215227948834013;33.27701909726891;12.0;TDMA;5;41.4036;10.0;15.4058470125;19.947135675
1;10.8;30.215227948834013;33.27701909726891;12.0;TDMA;10;39.5808;21.764705882352942;15.5876839125;20.2810012875
1;10.8;30.215227948834013;33.27701909726891;12.0;TDMA;15;41.4036;24.264705882352942;15.3979113375;20.722934325000004
1;10.8;30.215227948834013;33.27701909726891;12.0;TDMA;20;40.8828;22.708333333333336;15.3929169;21.1198217625
1;10.8;30.215227948834013;33.27701909726891;18.0;TDMA;0;42.966;15.0;15.5262021;19.466040600000003
1;10.8;30.215227948834013;33.27701909726891;18.0;TDMA;5;33.98220000000001;22.72727272727273;15.5513694375;19.940606325
1;10.8;30.215227948834013;33.27701909726891;18.0;TDMA;10;40.6224;10.555555555555557;15.544896599999998;20.289769500000002
1;30.851904317237857;18.356470248934027;16.144348856488453;6.0;TDMA;0;21.483;6.666666666666668;15.4284318375;11.6994251625
1;42.0;9.372299611087985;36.712940497868054;6.0;TDMA;0;21.483;6.666666666666668;15.4284318375;11.6994251625
1;9.449338601193208;30.000166666203707;36.712940497868054;6.0;TDMA;0;41.958;12.5;15.5394959625;19.7332912125
1;9.449338601193208;30.000166666203707;36.712940497868054;6.0;TDMA;5;42.8358;15.0;15.6754602375;20.297077762500006
1;9.449338601193208;30.000166666203707;36.712940497868054;6.0;TDMA;10;37.758;21.875;15.707126962500002;20.631904725
1;9.449338601193208;30.000166666203707;36.712940497868054;6.0;TDMA;15;36.0654;21.79863147605083;15.560773349999998;20.8781763
1;9.449338601193208;30.000166666203707;36.712940497868054;12.0;TDMA;0;42.449466666666666;9.583333333333334;15.5965396125;19.6057789125
1;9.449338601193208;30.000166666203707;36.712940497868054;12.0;TDMA;5;40.38333333333333;12.916666666666668;15.5545543125;20.1602105625
1;9.449338601193208;30.000166666203707;36.712940497868054;12.0;TDMA;15;43.2264;22.5;15.4737756;20.6698796625
1;9.449338601193208;30.000166666203707;36.712940497868054;18.0;TDMA;5;41.013000000000005;16.083916083916083;15.449243325;19.834420425
1;9.449338601193208;30.000166666203707;36.712940497868054;18.0;TDMA;10;39.8412;0.0;8.991543900000002;11.6970191625
1;9.449338601193208;30.000166666203707;36.712940497868054;18.0;TDMA;15;45.3096;26.13636363636364;15.3665788875;20.707875862500003
1;18.0;27.988569095257443;44.4;6.0;TDMA;0;39.8412;14.78494623655914;15.580639275;19.898924775
1;18.0;27.988569095257443;44.4;6.0;TDMA;5;36.0654;16.796440489432705;15.7463924625;20.2901473125
1;18.0;27.988569095257443;44.4;6.0;TDMA;10;38.0184;22.22782258064516;15.6993981375;20.632384912500005
1;18.0;27.988569095257443;44.4;6.0;TDMA;15;40.6224;25.833333333333336;15.4869895125;21.1774645875
1;18.0;27.988569095257443;44.4;12.0;TDMA;0;39.5808;6.458333333333334;15.5660175;19.72550925
1;18.0;27.988569095257443;44.4;18.0;TDMA;5;40.2318;12.692307692307693;15.560168287500002;20.125515525
1;18.0;27.988569095257443;44.4;18.0;TDMA;20;39.4506;22.222222222222218;15.506797312500002;20.958611775
1;6.997142273814361;6.0;3.6;6.0;TDMA;15;41.68853333333333;24.56989247311828;15.673310475;21.0589793625
1;6.997142273814361;6.0;3.6;12.0;TDMA;0;37.50613333333333;29.19540229885057;15.484045725;19.615554225
1;6.997142273814361;6.0;3.6;12.0;TDMA;5;39.5808;19.45701357466064;15.5626188;19.955912925
1;6.997142273814361;6.0;3.6;12.0;TDMA;10;41.4036;26.66666666666667;15.5426140125;20.324710425
1;6.997142273814361;6.0;3.6;12.0;TDMA;15;40.361999999999995;20.714285714285715;15.459798787500002;20.638772962500006
1;6.997142273814361;6.0;3.6;18.0;TDMA;0;41.7942;10.0;15.3794146875;19.37421675
1;6.997142273814361;6.0;3.6;18.0;TDMA;5;37.8914;14.545454545454547;15.3684847125;19.7345532
1;6.997142273814361;6.0;3.6;18.0;TDMA;10;41.8134;20.0;15.444740925;20.2816974375
1;36.17955223603521;27.988569095257443;21.633307652783937;6.0;TDMA;0;37.4976;17.439516129032256;15.6160545;20.558718337500004
1;36.17955223603521;27.988569095257443;21.633307652783937;6.0;TDMA;5;37.6278;22.580645161290327;15.5816095875;20.8328895375
1;36.17955223603521;27.988569095257443;21.633307652783937;6.0;TDMA;10;42.20506666666667;27.849462365591396;15.55918515;21.282042562500006
1;36.17955223603521;27.988569095257443;21.633307652783937;6.0;TDMA;15;42.08020000000001;28.152492668621697;15.56163435;21.4107019125
1;36.17955223603521;27.988569095257443;21.633307652783937;12.0;TDMA;0;45.3096;22.91666666666667;15.5957176875;14.4080781
1;36.17955223603521;27.988569095257443;21.633307652783937;18.0;TDMA;10;42.1848;23.07692307692308;15.3617517375;21.0430594125
1;6.0;20.99142682144308;16.144348856488453;6.0;TDMA;0;41.663999999999994;15.87701612903226;15.572946300000002;20.0587011375
1;6.0;20.99142682144308;16.144348856488453;6.0;TDMA;5;41.42386666666667;16.666666666666668;15.5936646375;20.191299375
1;6.0;20.99142682144308;16.144348856488453;6.0;TDMA;10;42.1848;18.92857142857143;15.6116662125;20.410204500000003
1;6.0;20.99142682144308;16.144348856488453;6.0;TDMA;15;39.4506;26.236559139784948;15.49899105;20.7270114375
1;6.0;20.99142682144308;16.144348856488453;18.0;TDMA;20;38.6694;20.0;15.4393081125;20.89629015
2;44.31805463935357;57.110613516585005;33.27701909726891;6.0;TDMA;0;39.47908125;18.850806451612907;21.7725111;40.4758318125
2;44.31805463935357;57.110613516585005;33.27701909726891;6.0;TDMA;15;40.362;26.310483870967747;21.8144125875;42.2413987125
2;44.31805463935357;57.110613516585005;33.27701909726891;12.0;TDMA;0;40.8828;15.833333333333336;21.735769425;39.67501027500001
2;44.31805463935357;57.110613516585005;33.27701909726891;12.0;TDMA;5;38.409000000000006;21.041666666666668;21.7269498375;40.3610455875
2;44.31805463935357;57.110613516585005;33.27701909726891;12.0;TDMA;20;40.50286666666667;22.29166666666667;21.56181645;41.2125748125
2;44.31805463935357;57.110613516585005;33.27701909726891;18.0;TDMA;0;42.5754;4.545454545454546;21.6626039625;39.4385680125
2;44.31805463935357;57.110613516585005;33.27701909726891;18.0;TDMA;5;42.9676;9.090909090909092;21.662162925;39.9654922125
2;44.31805463935357;57.110613516585005;33.27701909726891;18.0;TDMA;10;39.8412;13.636363636363635;21.691371712500004;40.324368299999996
2;44.31805463935357;57.110613516585005;33.27701909726891;18.0;TDMA;15;41.2115;19.772727272727273;21.4988960625;41.69554207500001
2;44.31805463935357;57.110613516585005;33.27701909726891;18.0;TDMA;20;43.5519;16.666666666666668;11.835519375;22.9992744
2;27.72876986002201;36.52836781069266;30.851904317237857;6.0;TDMA;0;37.7177;11.214717741935484;21.7974158625;39.880123725
2;27.72876986002201;36.52836781069266;30.851904317237857;6.0;TDMA;5;39.133633333333336;18.1135357368754;21.964154025000006;40.838284425
2;27.72876986002201;36.52836781069266;30.851904317237857;6.0;TDMA;10;42.449466666666666;20.26881720430108;21.7957282875;41.3713002
2;27.72876986002201;36.52836781069266;30.851904317237857;12.0;TDMA;0;40.11226666666667;19.250408496732028;21.602433075;39.5549489625
2;27.72876986002201;36.52836781069266;30.851904317237857;12.0;TDMA;10;40.242466666666665;20.64144736842105;21.6621460875;40.90587303750001
2;27.72876986002201;36.52836781069266;30.851904317237857;18.0;TDMA;5;40.632;18.40909090909091;21.736158525;40.19392425
2;27.72876986002201;36.52836781069266;30.851904317237857;18.0;TDMA;15;43.3566;18.06818181818182;21.4293667125;41.50243488750001
2;22.34459922217597;37.58565327034558;26.359248851209703;6.0;TDMA;0;41.3385;13.315615835777129;21.7855550625;40.1529009375
2;22.34459922217597;37.58565327034558;26.359248851209703;6.0;TDMA;5;41.41956666666667;21.983470649385996;21.958119975;40.4833648875
2;22.34459922217597;37.58565327034558;26.359248851209703;6.0;TDMA;10;41.4036;22.74560117302053;21.9177216375;41.2637841
2;22.34459922217597;37.58565327034558;26.359248851209703;6.0;TDMA;20;39.395633333333336;25.793010752688176;21.91582035;42.479861925
2;22.34459922217597;37.58565327034558;26.359248851209703;18.0;TDMA;10;43.74719999999999;10.795454545454547;21.653740425;40.8858204375
2;22.34459922217597;37.58565327034558;26.359248851209703;18.0;TDMA;20;41.2083;29.870129870129876;21.574526475000006;42.2148448125
2;66.85190431723785;43.05673562138532;13.994284547628721;6.0;TDMA;0;39.06;14.623655913978494;21.9403444875;40.8642188625
2;66.85190431723785;43.05673562138532;13.994284547628721;6.0;TDMA;5;37.49760000000001;23.348164627363733;21.90390525;41.68693218750001
2;66.85190431723785;43.05673562138532;13.994284547628721;6.0;TDMA;10;40.972966666666665;29.032258064516128;21.930019275;42.4665782625
2;56.20233675124315;10.597142273814361;25.08565327034558;6.0;TDMA;0;41.078666666666656;16.688508064516128;21.9147927375;40.583778975
2;56.20233675124315;10.597142273814361;25.08565327034558;6.0;TDMA;5;40.10160000000001;20.656284760845388;21.7781817375;41.07512696250001
2;56.20233675124315;10.597142273814361;25.08565327034558;6.0;TDMA;10;40.1176;26.678580156402735;21.888864975;41.8867857
2;56.20233675124315;10.597142273814361;25.08565327034558;12.0;TDMA;0;39.58293333333333;25.0;21.736173225;39.75666675
2;88.78621979377226;77.5983855400271;6.0;6.0;TDMA;0;39.8412;24.704301075268816;21.99697635;41.7733357875
2;88.78621979377226;77.5983855400271;6.0;6.0;TDMA;5;38.2137;25.690524193548388;21.8191383375;42.3672661125
2;88.78621979377226;77.5983855400271;6.0;12.0;TDMA;0;41.1432;17.98611111111111;21.719066100000003;41.412691237500006
2;88.78621979377226;77.5983855400271;6.0;12.0;TDMA;5;40.38546666666667;26.257002801120446;21.69695865;42.1384087125
2;48.99714227381436;49.60981644476965;36.17955223603521;6.0;TDMA;0;42.77976666666667;16.344086021505376;21.97351065;40.59060165
2;48.99714227381436;49.60981644476965;36.17955223603521;6.0;TDMA;5;39.0306;25.873655913978496;21.938972625;41.4847804875
2;48.99714227381436;49.60981644476965;36.17955223603521;6.0;TDMA;10;41.85930000000001;24.309475806451612;21.8475100125;41.830697625
2;27.9547561691844;72.21522794883401;37.58510343207798;6.0;TDMA;0;40.953233333333344;9.601814516129034;22.026273600000003;39.6961617375
2;27.9547561691844;72.21522794883401;37.58510343207798;6.0;TDMA;5;40.2318;13.06451612903226;21.732309825;40.4561390625
2;27.9547561691844;72.21522794883401;37.58510343207798;6.0;TDMA;10;40.5621;19.968077956989244;21.8627398875;41.24789148750001
2;27.9547561691844;72.21522794883401;37.58510343207798;6.0;TDMA;15;39.23220000000001;23.548387096774203;21.836274675;42.26555790000001
2;27.9547561691844;72.21522794883401;37.58510343207798;12.0;TDMA;0;38.7996;13.472222222222221;21.7439391375;39.959480325
2;35.05124725475825;58.22300644587611;34.9857113690718;12.0;TDMA;5;44.5444;14.0625;21.593669400000003;40.13813190000001
2;59.63581690068043;67.23123429611861;15.692354826475215;18.0;TDMA;0;39.25530000000001;10.541958041958042;21.665592225000005;40.4462708625
2;59.63581690068043;67.23123429611861;15.692354826475215;18.0;TDMA;5;37.8882;28.59848484848485;21.5854460625;40.797099975
3;40.50081910542248;81.27138591909163;13.994284547628721;6.0;TDMA;0;39.07720555555555;14.796554252199414;28.241271299999998;59.7748175625
3;40.50081910542248;81.27138591909163;13.994284547628721;6.0;TDMA;5;38.62600000000001;16.6084229390681;28.293959625;61.6640391375
3;40.50081910542248;81.27138591909163;13.994284547628721;18.0;TDMA;0;39.9714;9.141414141414144;27.753393375;59.05192732500001
3;40.50081910542248;81.27138591909163;13.994284547628721;18.0;TDMA;5;41.4036;19.84848484848485;27.8206389375;60.43165065000001
3;77.93295505623581;37.353612522748385;36.712940497868054;6.0;TDMA;0;38.9732;13.611111111111114;28.24555205;61.119920325
3;77.93295505623581;37.353612522748385;36.712940497868054;6.0;TDMA;5;42.4018;18.34005376344086;28.094111400000006;61.885666575
3;77.93295505623581;37.353612522748385;36.712940497868054;6.0;TDMA;10;39.7792;20.367810206519888;17.339248949999998;38.4699809625
3;77.93295505623581;37.353612522748385;36.712940497868054;6.0;TDMA;15;40.9262;25.14317605981955;27.8552230875;63.578593125
3;77.93295505623581;37.353612522748385;36.712940497868054;12.0;TDMA;0;42.1848;16.319444444444443;27.84153765;60.59200957500001
3;77.93295505623581;37.353612522748385;36.712940497868054;12.0;TDMA;5;40.19337777777778;14.607843137254903;27.908575199999998;61.158492825
3;77.93295505623581;37.353612522748385;36.712940497868054;12.0;TDMA;15;41.067066666666655;22.691993464052292;27.8123076375;61.4849034375
3;77.93295505623581;37.353612522748385;36.712940497868054;12.0;TDMA;20;40.2752;18.799603174603178;27.588593475000003;61.9116568125
3;77.93295505623581;37.353612522748385;36.712940497868054;18.0;TDMA;0;38.79960000000001;11.23931623931624;27.812542575;59.6367471
3;77.93295505623581;37.353612522748385;36.712940497868054;18.0;TDMA;10;40.75366666666667;22.22222222222223;27.79644225;61.66404142500001
3;80.03879598200812;65.84126286234144;18.74459922217597;6.0;TDMA;0;40.523;17.977150537634405;28.198970175;61.2649147125
3;80.03879598200812;65.84126286234144;18.74459922217597;12.0;TDMA;0;41.9244;14.48743386243386;27.9192066375;60.530532150000006
3;80.03879598200812;65.84126286234144;18.74459922217597;12.0;TDMA;5;40.1016;22.362472766884533;27.843897937500003;61.4653059375
3;80.03879598200812;65.84126286234144;18.74459922217597;12.0;TDMA;10;40.45093333333333;28.227124183006534;27.907830412500005;62.5480931625
3;80.03879598200812;65.84126286234144;18.74459922217597;18.0;TDMA;0;39.8412;17.323232323232325;27.734172975;60.179117775
3;80.03879598200812;65.84126286234144;18.74459922217597;18.0;TDMA;5;38.410066666666665;24.533799533799534;27.663922200000002;61.233758400000006
3;80.03879598200812;65.84126286234144;18.74459922217597;18.0;TDMA;15;39.06;23.13649313649314;27.78722715000001;63.274623425
3;55.15753498398452;63.72954642992329;9.449338601193208;6.0;TDMA;0;36.6296;25.828853046594983;27.9507050625;35.1008155875
3;55.15753498398452;63.72954642992329;9.449338601193208;6.0;TDMA;10;42.3584;23.48006272401434;27.8524618875;62.36346270000001
3;55.15753498398452;63.72954642992329;9.449338601193208;6.0;TDMA;15;39.53740000000001;22.951427512050422;28.147612125;63.369212625
3;55.15753498398452;63.72954642992329;9.449338601193208;12.0;TDMA;0;42.80093333333333;14.485294117647056;27.9351555;59.6436250875
3;55.15753498398452;63.72954642992329;9.449338601193208;12.0;TDMA;5;38.97320000000001;19.791666666666664;27.9039177375;60.75457995
3;55.15753498398452;63.72954642992329;9.449338601193208;12.0;TDMA;10;39.69890370370371;21.11111111111111;27.80143715;61.800600125
3;55.15753498398452;63.72954642992329;9.449338601193208;18.0;TDMA;0;38.680066666666654;11.616161616161618;27.502720912500006;59.04693975000001
3;55.15753498398452;63.72954642992329;9.449338601193208;18.0;TDMA;5;38.2788;26.41025641025641;27.765141825;60.3950056125
3;55.15753498398452;63.72954642992329;9.449338601193208;18.0;TDMA;10;40.19266666666667;20.168350168350173;27.805363900000003;61.57069085000001
3;68.18143859725608;72.24014116460255;12.3547561691844;6.0;TDMA;0;38.802155555555565;17.883471814923425;28.280224950000004;60.9211500375
3;68.18143859725608;72.24014116460255;12.3547561691844;6.0;TDMA;5;42.62413333333333;20.967741935483872;28.12543035;62.0628346875
3;68.18143859725608;72.24014116460255;12.3547561691844;12.0;TDMA;15;41.41142222222223;29.296606171606175;27.5463358875;63.320816175
3;68.18143859725608;72.24014116460255;12.3547561691844;18.0;TDMA;5;41.684266666666666;29.235209235209236;27.7316362125;60.930484125
3;68.18143859725608;72.24014116460255;12.3547561691844;18.0;TDMA;10;38.7996;26.51515151515152;27.7163849625;61.7151825375
3;81.44506878775898;35.114041107078314;23.11384866265244;6.0;TDMA;0;41.9678;9.211469534050178;28.220670675;60.78278876250001
3;81.44506878775898;35.114041107078314;23.11384866265244;6.0;TDMA;5;43.22639999999999;5.555555555555557;5.05000815;11.63382315
3;81.44506878775898;35.114041107078314;23.11384866265244;6.0;TDMA;10;40.1884;22.278225806451612;28.2501561;62.583603075
3;81.44506878775898;35.114041107078314;23.11384866265244;6.0;TDMA;15;39.4072;29.215331850203928;27.999969300000004;63.755188125
3;81.44506878775898;35.114041107078314;23.11384866265244;12.0;TDMA;5;38.8864;20.649509803921568;27.8958415875;61.20651802500001
3;81.44506878775898;35.114041107078314;23.11384866265244;12.0;TDMA;10;40.44880000000001;27.291666666666664;27.8239716375;62.2446015375
3;81.44506878775898;35.114041107078314;23.11384866265244;18.0;TDMA;5;39.4506;29.41003441003441;27.804579075;61.130835037500006
3;81.44506878775898;35.114041107078314;23.11384866265244;18.0;TDMA;20;38.1486;29.84848484848485;27.7067380875;63.82452285
3;44.35801098015979;49.52522670980139;6.0;6.0;TDMA;0;39.50485000000001;12.251344086021506;28.2937786875;60.075029325
3;44.35801098015979;49.52522670980139;6.0;6.0;TDMA;5;37.56482222222222;17.749775985663078;28.1578391625;60.63855495
3;44.35801098015979;49.52522670980139;6.0;6.0;TDMA;10;40.3186;23.45198368557657;28.110121875000004;62.0064470625
3;44.35801098015979;49.52522670980139;6.0;6.0;TDMA;15;39.7978;26.545698924731177;28.0586290875;63.629868525000006
3;44.35801098015979;49.52522670980139;6.0;12.0;TDMA;0;40.973866666666666;19.662309368191718;27.894218925;59.54029275
3;44.35801098015979;49.52522670980139;6.0;12.0;TDMA;10;41.37105;17.463235294117652;27.9092378625;61.538542725000006
3;44.35801098015979;49.52522670980139;6.0;12.0;TDMA;15;40.4488;25.187908496732028;27.923740162500003;63.00169815
3;44.35801098015979;49.52522670980139;6.0;18.0;TDMA;0;39.0664;18.478906714200832;27.7474171125;59.07924495
3;56.1778199545768;21.194284547628722;18.000277775634462;6.0;TDMA;0;39.7978;14.415322580645164;28.321223175;60.24499920000001
3;56.1778199545768;21.194284547628722;18.000277775634462;6.0;TDMA;5;42.0112;18.27956989247312;28.1525157375;61.2144426
3;56.1778199545768;21.194284547628722;18.000277775634462;12.0;TDMA;0;38.72417777777778;18.04193899782135;27.957802275;59.3436136875
3;56.1778199545768;21.194284547628722;18.000277775634462;18.0;TDMA;0;40.10266666666666;20.532245532245533;27.85712955;59.75024490000001
3;56.1778199545768;21.194284547628722;18.000277775634462;18.0;TDMA;5;41.31893333333335;22.81792281792282;27.809746650000005;60.537709525
3;56.1778199545768;21.194284547628722;18.000277775634462;18.0;TDMA;10;41.663999999999994;19.46969696969697;27.8063054625;61.8014686875
3;55.768919645641915;33.89160527571839;18.82153022471871;6.0;TDMA;0;41.15218055555556;14.381720430107526;28.29709215;60.086625
3;55.768919645641915;33.89160527571839;18.82153022471871;6.0;TDMA;5;41.1866;18.458781362007166;28.216452675;61.1528204625
3;55.768919645641915;33.89160527571839;18.82153022471871;6.0;TDMA;10;39.328222222222216;18.67159498207885;28.2670005;62.2756342125
3;55.768919645641915;33.89160527571839;18.82153022471871;12.0;TDMA;0;39.5808;18.171296296296298;27.9418542375;59.34036945
3;55.768919645641915;33.89160527571839;18.82153022471871;12.0;TDMA;10;41.07062222222223;21.62990196078432;27.914628975;61.3372009875
3;55.768919645641915;33.89160527571839;18.82153022471871;18.0;TDMA;5;40.76113333333333;20.70707070707071;27.737177512500004;60.4529172
3;55.768919645641915;33.89160527571839;18.82153022471871;18.0;TDMA;10;41.408933333333344;20.984848484848484;27.8364412875;61.2120014625
3;55.768919645641915;33.89160527571839;18.82153022471871;18.0;TDMA;15;40.0148;29.898989898989896;27.640238050000004;62.46416615
4;114.1795522360352;58.70746188462779;26.40075756488817;6.0;TDMA;0;41.63145;17.396673387096776;34.4451637875;81.988076025
4;114.1795522360352;58.70746188462779;26.40075756488817;6.0;TDMA;5;40.171855555555545;20.8546146953405;34.454695525000005;83.35933759999999
4;114.1795522360352;58.70746188462779;26.40075756488817;12.0;TDMA;0;40.109066666666656;12.552083333333332;34.12544625;80.4825363375
4;114.1795522360352;58.70746188462779;26.40075756488817;12.0;TDMA;10;40.174166666666665;26.74325980392157;34.04425005;83.735703375
4;114.1795522360352;58.70746188462779;26.40075756488817;18.0;TDMA;10;39.8412;29.84848484848485;33.5250877125;82.63876196250001
4;114.1795522360352;58.70746188462779;26.40075756488817;18.0;TDMA;15;42.86834999999999;24.71590909090909;33.85375995;84.149803725
4;64.30911748600768;88.13330765278394;19.386593305684215;6.0;TDMA;5;40.27520000000001;16.263440860215052;34.44593595;81.555609275
4;64.30911748600768;88.13330765278394;19.386593305684215;6.0;TDMA;10;40.7582;21.774193548387093;34.4691334125;82.70722803749999
4;64.30911748600768;88.13330765278394;19.386593305684215;6.0;TDMA;15;39.6507;27.55110879819947;34.393993200000004;84.667777025
4;64.30911748600768;88.13330765278394;19.386593305684215;12.0;TDMA;10;40.6875;26.729748964803314;34.07562285;82.1307235875
4;64.30911748600768;88.13330765278394;19.386593305684215;12.0;TDMA;15;41.663999999999994;29.99080882352941;33.9064350375;84.5534628375
4;64.30911748600768;88.13330765278394;19.386593305684215;18.0;TDMA;20;41.7974;29.443993506493502;33.9770424;85.47274035000002
4;65.51467774167124;85.74134947486861;30.215227948834013;18.0;TDMA;10;39.8412;19.141414141414145;33.855462862500005;81.7729756125
4;101.27277187670758;97.19666654609009;42.61267417095529;6.0;TDMA;0;40.65796875;14.675433773216033;34.5908218875;81.27107381249998
4;101.27277187670758;97.19666654609009;42.61267417095529;6.0;TDMA;5;40.081677777777784;18.452292670868868;34.4751642;82.60126702500001
4;101.27277187670758;97.19666654609009;42.61267417095529;6.0;TDMA;10;39.6459;25.35292440534376;34.439966125000005;84.24573645000002
4;101.27277187670758;97.19666654609009;42.61267417095529;6.0;TDMA;15;40.07491666666667;28.70967741935484;34.313754187499995;85.13999861250002
4;101.27277187670758;97.19666654609009;42.61267417095529;12.0;TDMA;5;38.15340000000001;26.567552459580327;34.0006337625;81.7634079375
4;101.27277187670758;97.19666654609009;42.61267417095529;18.0;TDMA;0;39.2553;20.54924242424243;33.8155165875;80.4119056125
4;101.27277187670758;97.19666654609009;42.61267417095529;18.0;TDMA;5;43.26295;17.38636363636364;33.94589415;81.04470097500001
4;101.27277187670758;97.19666654609009;42.61267417095529;18.0;TDMA;10;42.7755;25.56818181818182;33.882363975000004;82.91882853749998
4;72.99053772135503;82.08291312767298;19.386593305684215;6.0;TDMA;5;39.61335;19.33467741935484;34.498754250000005;81.25978957500001
4;72.99053772135503;82.08291312767298;19.386593305684215;12.0;TDMA;0;40.366266666666654;18.259803921568626;33.8314322625;79.60006368750003
4;72.99053772135503;82.08291312767298;19.386593305684215;12.0;TDMA;10;39.32446875;26.89950980392157;33.746512200000005;83.0525245875
4;72.99053772135503;82.08291312767298;19.386593305684215;12.0;TDMA;15;39.3204;27.277223389355747;34.024056975;83.1275364375
4;72.99053772135503;82.08291312767298;19.386593305684215;18.0;TDMA;0;40.91695;17.781385281385287;33.890752087500005;79.0252726875
4;72.99053772135503;82.08291312767298;19.386593305684215;18.0;TDMA;10;41.7942;14.431818181818185;33.913241549999995;82.45916058750002
4;72.99053772135503;82.08291312767298;19.386593305684215;18.0;TDMA;20;39.4506;27.48106060606061;33.834501375;83.951729925
4;87.4738332671994;69.13676804444837;18.82153022471871;6.0;TDMA;0;39.3855;14.926915322580646;34.56377775;80.805003525
4;87.4738332671994;69.13676804444837;18.82153022471871;6.0;TDMA;5;41.73043333333333;16.141053717093065;34.418963775;82.10047121250003
4;77.9152639994693;61.7881088314191;30.215227948834013;6.0;TDMA;0;39.36278333333335;14.377520161290322;34.3948780875;80.5668708
4;77.9152639994693;61.7881088314191;30.215227948834013;6.0;TDMA;5;41.59925555555555;21.19679659498208;34.41279935;81.89999435
4;77.9152639994693;61.7881088314191;30.215227948834013;6.0;TDMA;15;39.5808;26.46056382091212;34.4545613625;84.5966857125
4;77.9152639994693;61.7881088314191;30.215227948834013;12.0;TDMA;0;40.361999999999995;27.041228991596643;34.11223095;79.3637926875
4;77.9152639994693;61.7881088314191;30.215227948834013;12.0;TDMA;5;41.150133333333336;18.854166666666668;34.1352897375;81.1003872
4;77.9152639994693;61.7881088314191;30.215227948834013;18.0;TDMA;0;41.69655;13.371212121212125;33.658367025000004;79.244294175
4;77.9152639994693;61.7881088314191;30.215227948834013;18.0;TDMA;5;38.57175;17.272727272727273;33.9214006875;81.13035697500001
4;77.9152639994693;61.7881088314191;30.215227948834013;18.0;TDMA;10;37.59525;26.950757575757574;33.9427264125;82.358046375
4;129.75071160446814;63.412559302701915;24.283533515532703;6.0;TDMA;0;40.2969;14.856350806451614;34.5169917375;81.8489962875
4;129.75071160446814;63.412559302701915;24.283533515532703;6.0;TDMA;5;40.392515625;23.780850250278085;34.324953375;83.29041322500002
4;129.75071160446814;63.412559302701915;24.283533515532703;6.0;TDMA;10;39.82670625;27.219345674486803;34.28939265;84.7917052125
4;129.75071160446814;63.412559302701915;24.283533515532703;12.0;TDMA;0;40.88706666666667;20.8343545751634;34.0026494625;81.09754095000002
4;129.75071160446814;63.412559302701915;24.283533515532703;12.0;TDMA;5;41.4036;20.96329979360165;34.0061511375;82.64332455000002
4;133.95962499997512;64.26571591293963;18.0;6.0;TDMA;0;41.11065;16.5625;34.5425898375;81.985101375
4;133.95962499997512;64.26571591293963;18.0;6.0;TDMA;5;40.282659375;25.74260752688172;34.425659325;82.97720534999998
4;133.95962499997512;64.26571591293963;18.0;18.0;TDMA;10;40.4335;25.073051948051948;33.7879123875;84.641163525
4;100.34845622174916;118.6815433121903;19.386593305684215;6.0;TDMA;0;41.58525;15.524193548387096;34.5009027375;80.946244275
4;100.34845622174916;118.6815433121903;19.386593305684215;6.0;TDMA;5;40.1016;27.38170043576333;34.5209270625;82.6914124875
4;100.34845622174916;118.6815433121903;19.386593305684215;6.0;TDMA;10;38.16353333333333;20.37946202851653;34.292426737499994;83.70660813750001
4;100.34845622174916;118.6815433121903;19.386593305684215;12.0;TDMA;0;42.5754;20.061274509803926;33.9391584;80.00582445
4;100.34845622174916;118.6815433121903;19.386593305684215;12.0;TDMA;5;40.4271;14.947478991596642;33.949358287500004;81.594961725
4;100.34845622174916;118.6815433121903;19.386593305684215;18.0;TDMA;0;40.6224;13.257575757575758;33.6048981;80.3105536875
4;100.34845622174916;118.6815433121903;19.386593305684215;18.0;TDMA;5;40.361999999999995;21.843434343434343;33.928224975000006;81.252395975
4;100.34845622174916;118.6815433121903;19.386593305684215;18.0;TDMA;10;39.25530000000001;23.97727272727273;33.878494687499995;82.34253483750003
5;97.70665461218316;116.65451417888006;30.215227948834013;6.0;TDMA;0;40.25784;13.06451612903226;40.7509967625;101.6506240125
5;97.70665461218316;116.65451417888006;30.215227948834013;6.0;TDMA;5;41.0702;16.803856136447905;40.803491212500006;102.3724963125
5;97.70665461218316;116.65451417888006;30.215227948834013;6.0;TDMA;10;41.95598666666668;25.283479960899314;40.5432737625;104.411604675
5;97.70665461218316;116.65451417888006;30.215227948834013;6.0;TDMA;15;39.84632;29.8717071999191;40.6710391125;105.770080575
5;97.70665461218316;116.65451417888006;30.215227948834013;12.0;TDMA;0;40.935306666666655;14.742647058823529;40.299570300000006;99.422684775
5;97.70665461218316;116.65451417888006;30.215227948834013;12.0;TDMA;10;39.616657777777775;27.177307126997533;39.951042925;104.065890175
5;97.70665461218316;116.65451417888006;30.215227948834013;12.0;TDMA;15;41.55984;25.605392156862745;40.2050995125;105.0626900625
5;97.70665461218316;116.65451417888006;30.215227948834013;18.0;TDMA;0;38.74752;14.242424242424246;39.9769131;98.99690505
5;174.0419802239214;104.7178936732215;30.000166666203707;6.0;TDMA;0;39.11208000000001;19.799059139784948;40.7925232125;103.4142378375
5;174.0419802239214;104.7178936732215;30.000166666203707;6.0;TDMA;5;40.38804;22.391546162402673;40.244498775;104.59070175
5;174.0419802239214;104.7178936732215;30.000166666203707;6.0;TDMA;10;40.466373333333344;29.580645161290327;40.674540075;106.59449865
5;174.0419802239214;104.7178936732215;30.000166666203707;12.0;TDMA;0;40.83072;23.787617611147024;40.14090375;101.6867752125
5;174.0419802239214;104.7178936732215;30.000166666203707;12.0;TDMA;5;40.10842666666667;26.97733918128655;40.1548111875;104.0607697875
5;174.0419802239214;104.7178936732215;30.000166666203707;18.0;TDMA;0;38.2788;29.84848484848485;40.06983870000001;102.60090090000001
5;174.0419802239214;104.7178936732215;30.000166666203707;18.0;TDMA;10;39.06320000000001;24.59090909090909;40.1042586375;104.739382425
5;80.35441566694561;168.9504789920865;42.61267417095529;6.0;TDMA;0;39.9714;13.481182795698926;40.7041967625;100.9093044375
5;80.35441566694561;168.9504789920865;42.61267417095529;6.0;TDMA;5;40.60224;18.43010752688172;40.634198775;101.816859975
5;80.35441566694561;168.9504789920865;42.61267417095529;6.0;TDMA;10;41.050773333333346;23.80545513533556;40.721459175;104.153819025
5;80.35441566694561;168.9504789920865;42.61267417095529;12.0;TDMA;15;41.18417777777778;27.545284780578896;40.078325425;104.89854635
5;80.35441566694561;168.9504789920865;42.61267417095529;18.0;TDMA;10;41.24736;27.075757575757574;40.01822632500001;102.5530553625
5;109.7585640944692;112.17634468279998;15.6;12.0;TDMA;0;105.11066666666667;22.88562091503268;40.22860905;94.6701989625
5;109.7585640944692;112.17634468279998;15.6;12.0;TDMA;5;65.73434666666667;29.169117647058826;40.14835942500001;96.59793881250002
5;109.7585640944692;112.17634468279998;15.6;18.0;TDMA;5;106.1766;27.103729603729604;39.92511847500001;95.9991287625
5;109.7585640944692;112.17634468279998;15.6;18.0;TDMA;10;115.70532;28.01515151515152;39.6571623;97.133606325
5;143.6665398422251;76.8996906272482;27.988569095257443;12.0;TDMA;15;40.8828;27.387254901960784;40.1268269625;105.8843604
5;143.6665398422251;76.8996906272482;27.988569095257443;18.0;TDMA;0;39.53768;15.398989898989901;40.089614025;100.629379725
5;143.6665398422251;76.8996906272482;27.988569095257443;18.0;TDMA;15;40.700520000000004;28.921911421911425;39.974492475;105.41140575
5;143.6665398422251;76.8996906272482;27.988569095257443;18.0;TDMA;20;40.856759999999994;26.63636363636364;39.9149359875;107.0827478625
5;73.48680377083716;73.40064879315656;9.526804291051644;6.0;TDMA;0;40.80468000000001;11.199596774193546;40.7364785625;99.892313325
5;73.48680377083716;73.40064879315656;9.526804291051644;6.0;TDMA;5;40.15666666666667;15.86200716845878;40.82630760000001;102.1931426
5;73.48680377083716;73.40064879315656;9.526804291051644;6.0;TDMA;10;39.01318222222222;20.70250896057348;40.69858257500001;103.036061175
5;73.48680377083716;73.40064879315656;9.526804291051644;6.0;TDMA;15;40.320159999999994;27.293010752688176;40.62225120000001;105.588589875
5;73.48680377083716;73.40064879315656;9.526804291051644;12.0;TDMA;0;39.22546833333333;7.541666666666668;40.33912665;98.80733523749998
5;73.48680377083716;73.40064879315656;9.526804291051644;12.0;TDMA;5;42.08064;17.561274509803926;40.32681195000001;101.670288975
5;73.48680377083716;73.40064879315656;9.526804291051644;12.0;TDMA;10;40.93488;21.289215686274513;40.11076875;102.5067594
5;73.48680377083716;73.40064879315656;9.526804291051644;12.0;TDMA;15;40.52592;26.029411764705888;40.24489305;104.092829775
5;108.34887313349321;119.14990831780995;24.253865671269807;6.0;TDMA;0;39.47664;17.143817204301072;40.8236174625;101.753701425
5;108.34887313349321;119.14990831780995;24.253865671269807;6.0;TDMA;5;43.77324;15.557795698924732;21.53791605;54.15496166250001
5;108.34887313349321;119.14990831780995;24.253865671269807;6.0;TDMA;10;39.372906666666665;25.344086021505376;40.61692488750001;104.031774
5;108.34887313349321;119.14990831780995;24.253865671269807;6.0;TDMA;15;40.00248000000001;29.765271598071926;40.597699725;106.076693475
5;108.34887313349321;119.14990831780995;24.253865671269807;12.0;TDMA;0;39.85101333333333;17.41421568627451;40.1944668375;99.924768075
5;167.30845029073964;119.82167813565634;24.268498099388022;6.0;TDMA;5;40.93488;26.592232109751574;40.716333299999995;105.2502290625
5;167.30845029073964;119.82167813565634;24.268498099388022;6.0;TDMA;10;39.34644;27.575940860215052;40.52645628750001;106.362058875
5;167.30845029073964;119.82167813565634;24.268498099388022;12.0;TDMA;0;39.48005333333333;19.86111111111111;39.8023910625;102.6985973625
5;167.30845029073964;119.82167813565634;24.268498099388022;12.0;TDMA;5;38.38947;23.56617647058824;39.86295825000001;104.496325425
5;167.30845029073964;119.82167813565634;24.268498099388022;12.0;TDMA;10;40.518240000000006;24.80042016806723;40.2280644375;105.9321628125
5;102.4429490329461;132.03792160149604;24.253865671269807;6.0;TDMA;0;40.697265;15.113575268817206;40.83367845;101.0781598875
5;102.4429490329461;132.03792160149604;24.253865671269807;6.0;TDMA;5;38.9298;18.920821114369506;40.78306245;102.796686525
5;102.4429490329461;132.03792160149604;24.253865671269807;12.0;TDMA;0;40.677893333333344;14.008212934296527;40.304460675;99.9207800625
5;102.4429490329461;132.03792160149604;24.253865671269807;12.0;TDMA;5;42.28896;18.102941176470583;40.205643525;101.6738712
5;102.4429490329461;132.03792160149604;24.253865671269807;12.0;TDMA;10;41.25333333333333;22.174019607843142;40.276527225;102.6342525
5;149.52065704709887;145.27790416474627;55.06941074680208;6.0;TDMA;0;41.108488888888886;17.616935483870968;40.8070408;102.53108149999998
5;149.52065704709887;145.27790416474627;55.06941074680208;12.0;TDMA;5;38.12256;18.58018207282913;40.2415522125;102.833543775
5;149.52065704709887;145.27790416474627;55.06941074680208;12.0;TDMA;10;41.50818666666667;28.08842383107089;40.0427058375;104.489420025
5;149.52065704709887;145.27790416474627;55.06941074680208;18.0;TDMA;10;39.29436;25.66633366633367;40.0836207375;104.536306725
6;153.95813915283955;123.62410293333804;12.52836781069266;6.0;TDMA;10;40.30205555555556;25.434027777777782;46.801313775;125.41491551250002
6;153.95813915283955;123.62410293333804;12.52836781069266;18.0;TDMA;0;39.1982;14.063714063714066;46.1895062625;119.5666978875
6;153.95813915283955;123.62410293333804;12.52836781069266;18.0;TDMA;5;40.4922;25.554260554260555;46.23374580000001;122.64813250000002
6;153.95813915283955;123.62410293333804;12.52836781069266;18.0;TDMA;10;40.539545454545454;27.272727272727273;46.1518415625;125.2691337375
6;153.95813915283955;123.62410293333804;12.52836781069266;18.0;TDMA;15;43.47282424242425;19.343434343434343;45.29172435;127.941749475
6;111.14122092510704;93.34843591736232;12.3547561691844;6.0;TDMA;5;37.975;27.02883491720504;46.9353442125;281.29284288750006
6;111.14122092510704;93.34843591736232;12.3547561691844;6.0;TDMA;10;36.78256666666667;29.964157706093193;46.431390975;282.48093033750007
6;111.14122092510704;93.34843591736232;12.3547561691844;6.0;TDMA;15;41.0347;25.43814114448152;46.8849195;126.845239725
6;111.14122092510704;93.34843591736232;12.3547561691844;6.0;TDMA;20;40.0148;29.4661295940495;46.735221975;128.82115019999998
6;111.14122092510704;93.34843591736232;12.3547561691844;12.0;TDMA;0;38.804222222222215;19.73245811734656;46.4823899625;118.833746625
6;111.14122092510704;93.34843591736232;12.3547561691844;12.0;TDMA;5;39.27842222222222;14.6875;46.3877431125;120.97184602500002
6;213.66729943510958;69.40951249646274;42.0;12.0;TDMA;0;40.8204125;19.866557734204797;46.5103793625;122.6536664625
6;213.66729943510958;69.40951249646274;42.0;12.0;TDMA;5;40.88457777777778;20.659722222222218;46.37308785;124.1062165875
6;134.18949903147782;98.76293874356429;16.21141573089778;6.0;TDMA;10;41.411955555555565;22.209920745272527;47.00663535000001;125.547311325
6;134.18949903147782;98.76293874356429;16.21141573089778;12.0;TDMA;0;41.31680000000001;17.16230936819172;45.542015325;119.90802142500002
6;134.18949903147782;98.76293874356429;16.21141573089778;12.0;TDMA;5;41.9244;16.638071895424837;46.46618047500001;122.22318525
6;134.18949903147782;98.76293874356429;16.21141573089778;12.0;TDMA;10;42.966;29.18981481481481;46.264472175;124.20655080000002
6;134.18949903147782;98.76293874356429;16.21141573089778;18.0;TDMA;0;41.85930000000001;18.738344988344988;46.103323425;118.9367719875
6;134.18949903147782;98.76293874356429;16.21141573089778;18.0;TDMA;5;40.300633333333344;16.193667443667444;45.7132600125;121.4164450125
6;134.18949903147782;98.76293874356429;16.21141573089778;18.0;TDMA;10;40.10160000000001;20.8498445998446;46.167511875;123.2014515375
6;134.18949903147782;98.76293874356429;16.21141573089778;18.0;TDMA;15;39.06;29.570707070707073;46.125425775;125.9173270875
6;120.8521907842354;111.79325379210647;7.102112361825881;12.0;TDMA;0;41.01691111111111;16.433142701525053;45.5298942375;119.70639468750002
6;120.8521907842354;111.79325379210647;7.102112361825881;12.0;TDMA;5;39.7544;18.13725490196079;46.4766106875;121.90227585
6;120.8521907842354;111.79325379210647;7.102112361825881;12.0;TDMA;10;39.6676;27.17338829471182;46.3728629625;123.6887931375
6;120.8521907842354;111.79325379210647;7.102112361825881;12.0;TDMA;15;40.83975555555556;26.990669074647414;46.42701266250001;125.8755083625
6;120.8521907842354;111.79325379210647;7.102112361825881;18.0;TDMA;0;40.4271;11.534992784992786;46.1980947375;118.3913005125
6;129.11805289172898;110.64807584325388;30.851904317237857;6.0;TDMA;0;39.21434305555556;14.067887931034484;47.1617029125;120.6496168875
6;129.11805289172898;110.64807584325388;30.851904317237857;6.0;TDMA;5;40.19653750000001;19.912634408602152;47.04792000000001;122.8706802375
6;129.11805289172898;110.64807584325388;30.851904317237857;6.0;TDMA;10;40.6224;27.247525659824053;46.99804995;125.4960333375
6;129.11805289172898;110.64807584325388;30.851904317237857;6.0;TDMA;15;40.53648888888889;28.17204301075269;46.8540726;126.791715
6;129.11805289172898;110.64807584325388;30.851904317237857;12.0;TDMA;10;39.45273333333333;20.888480392156865;45.97341547500001;124.247373075
6;129.11805289172898;110.64807584325388;30.851904317237857;12.0;TDMA;15;40.4488;27.826797385620914;46.311943875;125.558685525
6;129.11805289172898;110.64807584325388;30.851904317237857;18.0;TDMA;0;40.300633333333344;21.093285799168154;46.28232806250001;119.4867976125
6;172.20254867248963;187.9306351382293;14.4;12.0;TDMA;0;39.1820625;25.799972766884533;46.426663425;121.7633203125
6;188.4712931064374;141.6907220792253;30.0;6.0;TDMA;0;39.43778888888889;15.898297491039425;47.0195137875;123.278374425
6;188.4712931064374;141.6907220792253;30.0;6.0;TDMA;5;39.3638;21.884854423786567;46.5490789125;125.0256305625
6;188.4712931064374;141.6907220792253;30.0;6.0;TDMA;10;40.29262962962963;28.263081612030067;46.96818980000001;127.285859475
6;188.4712931064374;141.6907220792253;30.0;12.0;TDMA;0;39.589333333333336;18.710511982570807;46.48877415;122.3371008375
6;188.4712931064374;141.6907220792253;30.0;12.0;TDMA;5;40.796;25.588235294117645;46.27144605;123.949874325
6;188.4712931064374;141.6907220792253;30.0;12.0;TDMA;10;40.7092;24.099264705882355;46.391437575;126.065257725
6;188.4712931064374;141.6907220792253;30.0;18.0;TDMA;0;40.0365;19.35606060606061;46.250787225;121.62629715
6;184.3754004187768;116.60128026993881;23.051247254758255;12.0;TDMA;0;39.277;18.10729847494553;46.4595565125;120.933287025
6;184.3754004187768;116.60128026993881;23.051247254758255;12.0;TDMA;5;40.79860740740741;23.42592592592593;46.37637772500001;123.71779475
6;184.3754004187768;116.60128026993881;23.051247254758255;18.0;TDMA;0;40.8177;20.315656565656568;46.168988475000006;120.5972287125
6;184.3754004187768;116.60128026993881;23.051247254758255;18.0;TDMA;5;42.25416666666667;19.154040404040412;46.2756943875;123.77210651250002
6;184.3754004187768;116.60128026993881;23.051247254758255;18.0;TDMA;10;40.16670000000001;29.343434343434343;46.0447352625;125.9818549875
6;120.25057944906715;120.64242397421543;10.9;6.0;TDMA;5;41.36286666666667;17.338709677419356;46.9949207625;121.6221422625
6;120.25057944906715;120.64242397421543;10.9;6.0;TDMA;10;41.0813;25.942489410231342;46.895043675;125.048486925
6;120.25057944906715;120.64242397421543;10.9;12.0;TDMA;0;39.88637777777778;15.356753812636164;46.48766895;119.4459844875
6;120.25057944906715;120.64242397421543;10.9;12.0;TDMA;5;40.75757777777777;18.075980392156865;46.4065457625;121.4705229
6;120.25057944906715;120.64242397421543;10.9;18.0;TDMA;10;40.626133333333335;28.21119852369853;45.8029762875;122.9397642
7;127.77168464267244;129.87400419739595;21.095023109728988;6.0;TDMA;5;40.0086;15.20489035436199;53.3301571125;143.4531262125
7;127.77168464267244;129.87400419739595;21.095023109728988;12.0;TDMA;5;40.886761904761904;23.46153029976559;52.47155868750001;141.0820512375
7;127.77168464267244;129.87400419739595;21.095023109728988;18.0;TDMA;0;39.178000000000004;18.961038961038962;52.42812795;139.861883175
7;127.77168464267244;129.87400419739595;21.095023109728988;18.0;TDMA;5;41.745714285714286;12.987012987012987;52.214531625000006;141.3810378
7;127.77168464267244;129.87400419739595;21.095023109728988;18.0;TDMA;15;40.40742857142858;26.60533910533911;52.25517877500001;146.25515283750005
7;150.84537562012153;126.36372643253107;18.356470248934027;6.0;TDMA;0;41.6454;16.386328725038403;53.2693287;141.8180337375
7;150.84537562012153;126.36372643253107;18.356470248934027;6.0;TDMA;5;41.89733571428572;21.595622119815673;53.32783395;145.023569175
7;150.84537562012153;126.36372643253107;18.356470248934027;6.0;TDMA;10;40.57380000000001;23.25892857142857;53.362095;146.6460750375
7;150.84537562012153;126.36372643253107;18.356470248934027;12.0;TDMA;0;38.0556;13.896475256769376;52.713843975;140.45935376250003
7;150.84537562012153;126.36372643253107;18.356470248934027;12.0;TDMA;5;39.623485714285714;18.555672268907568;52.66760703750001;142.2652422
7;150.84537562012153;126.36372643253107;18.356470248934027;18.0;TDMA;10;39.2832;28.88528138528139;52.3494784125;145.4468410125
7;150.84537562012153;126.36372643253107;18.356470248934027;18.0;TDMA;15;42.02242857142858;25.162337662337666;52.32857415000001;148.474912125
7;168.19994187087326;252.80834301611455;54.11986696214247;6.0;TDMA;0;40.08757142857143;12.423195084485409;53.4597676125;141.7374951375
7;168.19994187087326;252.80834301611455;54.11986696214247;6.0;TDMA;5;40.74580184331798;19.915994623655912;53.247233475;143.3964492375
7;168.19994187087326;252.80834301611455;54.11986696214247;6.0;TDMA;10;40.83766984126985;25.242621242045203;52.85857445;147.81533685000005
7;168.19994187087326;252.80834301611455;54.11986696214247;6.0;TDMA;15;40.14184761904762;28.950690491250263;53.119873625;148.898617225
7;168.19994187087326;252.80834301611455;54.11986696214247;12.0;TDMA;0;42.074419047619045;18.126667333600107;52.6607897625;140.56905885000003
7;168.19994187087326;252.80834301611455;54.11986696214247;12.0;TDMA;5;40.362;21.0109043617447;52.5035443125;142.34455732499995
7;216.76221694106957;119.0453788523372;19.386593305684215;6.0;TDMA;0;40.420542857142856;17.410714285714285;52.7847466875;142.843422
7;216.76221694106957;119.0453788523372;19.386593305684215;12.0;TDMA;0;40.55379047619049;21.076180472188877;52.538281875;142.810628025
7;216.76221694106957;119.0453788523372;19.386593305684215;12.0;TDMA;10;40.178133333333335;27.515756302521005;52.55625975;147.22319055000003
7;216.76221694106957;119.0453788523372;19.386593305684215;18.0;TDMA;0;41.6332;21.28787878787879;52.3603543875;142.00422926250005
7;216.76221694106957;119.0453788523372;19.386593305684215;18.0;TDMA;5;40.570257142857145;22.142857142857146;52.2184778625;143.474784075
7;216.76221694106957;119.0453788523372;19.386593305684215;18.0;TDMA;10;40.39919999999999;20.263347763347767;52.351484925;145.937469825
7;144.56520567511092;204.5020475515714;24.0;6.0;TDMA;15;39.50868571428572;27.23633071137243;53.11506525;148.08282033750004
7;144.56520567511092;204.5020475515714;24.0;18.0;TDMA;10;42.129;21.989676989676994;52.391002575;145.04911425000003
7;203.65440883370002;131.31375960329052;30.851904317237857;6.0;TDMA;5;41.34780000000001;25.360794980657932;53.26597083750001;146.03480763750005
7;203.65440883370002;131.31375960329052;30.851904317237857;12.0;TDMA;10;40.56863174603175;28.614523103927564;52.45354445;146.25622925
7;111.05248459561007;170.17613394273076;20.99142682144308;6.0;TDMA;0;39.50550297619049;13.74633431085044;53.4767167125;140.29154145
7;111.05248459561007;170.17613394273076;20.99142682144308;6.0;TDMA;5;40.783052380952384;14.608212166957994;53.2072237125;142.07882613750004
7;111.05248459561007;170.17613394273076;20.99142682144308;6.0;TDMA;10;38.967;19.248950553525077;53.25197625;144.93324671250005
7;111.05248459561007;170.17613394273076;20.99142682144308;6.0;TDMA;15;40.38719999999999;27.6246921182266;53.1680619;148.38349597500005
7;111.05248459561007;170.17613394273076;20.99142682144308;12.0;TDMA;0;39.50357857142857;27.468792485477692;52.696517025;138.57520500000004
7;111.05248459561007;170.17613394273076;20.99142682144308;18.0;TDMA;0;40.07454545454546;10.205627705627704;52.356565275;138.01363822500002
7;111.05248459561007;170.17613394273076;20.99142682144308;18.0;TDMA;5;39.62444415584415;19.502164502164504;52.31034712499999;139.982648475
7;126.2986633771521;127.79674430513143;10.8;6.0;TDMA;0;40.38747692012289;12.408314132104454;53.43054915;140.17135109999998
7;126.2986633771521;127.79674430513143;10.8;6.0;TDMA;5;40.8132;15.95661846496107;53.32520925000002;142.281498
7;126.2986633771521;127.79674430513143;10.8;12.0;TDMA;5;40.58550476190476;23.360938578329886;52.46967585;141.4260993
7;126.2986633771521;127.79674430513143;10.8;12.0;TDMA;10;40.84560000000001;20.47619047619048;52.528258575;143.8945793625
7;126.2986633771521;127.79674430513143;10.8;18.0;TDMA;15;41.07245714285715;26.168831168831172;52.266906899999995;145.91317316250004
7;129.4206891396606;207.46713226607187;24.0;6.0;TDMA;5;40.140933333333344;21.52336606685685;53.31919271250001;142.84319231250004
7;129.4206891396606;207.46713226607187;24.0;12.0;TDMA;0;39.66251428571429;16.882002801120446;52.61511555000001;138.2770794375
7;129.4206891396606;207.46713226607187;24.0;12.0;TDMA;5;39.13470476190476;16.561624649859947;52.6463691375;142.12991805
7;129.4206891396606;207.46713226607187;24.0;12.0;TDMA;10;39.72960000000001;21.192226890756306;52.53839347500001;143.3833417125
7;129.4206891396606;207.46713226607187;24.0;12.0;TDMA;15;40.0644;25.913865546218492;52.5140602875;145.87277805
7;129.4206891396606;207.46713226607187;24.0;18.0;TDMA;5;38.9484;15.779220779220779;51.794971425;140.4660971625
7;125.8469856895658;141.28714409495458;7.2;12.0;TDMA;0;40.60745714285714;15.093954248366014;52.557414225;138.6373879125
7;125.8469856895658;141.28714409495458;7.2;12.0;TDMA;5;39.43291428571429;17.305672268907564;52.6387224375;141.9104292375
7;125.8469856895658;141.28714409495458;7.2;12.0;TDMA;10;38.72794285714286;19.452030812324928;52.4713131375;144.16243402499995
7;125.8469856895658;141.28714409495458;7.2;12.0;TDMA;15;40.520857142857146;28.32282913165266;52.552688775;146.35502475000004
7;125.8469856895658;141.28714409495458;7.2;18.0;TDMA;5;96.87062857142857;21.558441558441558;52.38913275;135.5188663125
7;125.8469856895658;141.28714409495458;7.2;18.0;TDMA;10;96.04597142857143;25.8982683982684;52.3353469125;136.314668925
7;125.8469856895658;141.28714409495458;7.2;18.0;TDMA;15;89.2854857142857;27.781385281385283;52.2513586125;139.0615483125
8;203.35765209019928;268.15314716576296;55.88702890653609;6.0;TDMA;0;94.82484166666669;18.44746477567668;59.57789534999999;155.45258632500003
8;203.35765209019928;268.15314716576296;55.88702890653609;6.0;TDMA;5;93.40649166666668;26.20547715053763;59.3746698375;158.2966723875
8;203.35765209019928;268.15314716576296;55.88702890653609;6.0;TDMA;10;93.78321666666668;28.190321421950323;59.3704232625;160.4213534625
8;203.35765209019928;268.15314716576296;55.88702890653609;12.0;TDMA;0;94.65913333333332;19.4546568627451;58.8024246375;153.18913395
8;203.35765209019928;268.15314716576296;55.88702890653609;12.0;TDMA;5;88.80306666666667;24.61134453781513;58.6046121375;157.1039265375
8;203.35765209019928;268.15314716576296;55.88702890653609;12.0;TDMA;10;96.93843333333332;27.770045518207283;57.4569627;160.7239837875
8;203.35765209019928;268.15314716576296;55.88702890653609;18.0;TDMA;0;74.4137;20.014880952380953;58.5049777875;152.56590262500004
8;271.61365959070366;181.96320725598076;33.27701909726891;6.0;TDMA;0;40.152425;22.800739247311824;59.43755291250001;165.5045089875
8;271.61365959070366;181.96320725598076;33.27701909726891;12.0;TDMA;0;40.59091666666667;18.053788021618907;58.67370168750002;163.74488167500004
8;271.61365959070366;181.96320725598076;33.27701909726891;12.0;TDMA;5;40.29690000000001;24.631623482726425;58.67711955;166.5047047125
8;271.61365959070366;181.96320725598076;33.27701909726891;12.0;TDMA;10;39.454333333333345;25.947274743230626;58.73806222499999;168.94656982500004
8;271.61365959070366;181.96320725598076;33.27701909726891;18.0;TDMA;0;38.76785;16.28787878787879;58.58188200000001;163.726577475
8;271.61365959070366;181.96320725598076;33.27701909726891;18.0;TDMA;5;40.088525;22.09145021645022;58.46550303750002;165.76456537500005
8;117.82596359417583;209.92573387590804;20.99142682144308;6.0;TDMA;0;39.70853333333333;11.123991935483874;59.15333478750001;159.61559182500002
8;117.82596359417583;209.92573387590804;20.99142682144308;6.0;TDMA;5;39.51756666666667;15.664482526881722;59.5848366;162.435876675
8;117.82596359417583;209.92573387590804;20.99142682144308;6.0;TDMA;10;41.89675625;21.14917768530289;59.0293245375;113.717171025
8;117.82596359417583;209.92573387590804;20.99142682144308;12.0;TDMA;0;40.07385;16.626327614379086;58.7809068375;157.7060055
8;117.82596359417583;209.92573387590804;20.99142682144308;12.0;TDMA;15;40.40148333333333;28.352153361344534;58.6404963375;166.7615105625
8;117.82596359417583;209.92573387590804;20.99142682144308;12.0;TDMA;20;40.39775;29.345456932773107;58.694552475;169.147451475
8;117.82596359417583;209.92573387590804;20.99142682144308;18.0;TDMA;0;42.08715000000001;19.791666666666668;58.64144595;157.3183998
8;117.82596359417583;209.92573387590804;20.99142682144308;18.0;TDMA;5;40.8177;11.363636363636365;58.59517635000001;160.18361430000004
8;117.82596359417583;209.92573387590804;20.99142682144308;18.0;TDMA;10;40.6276;17.803030303030305;58.3784057625;162.62615512499997
8;171.13345731227224;144.33175802524303;7.2;6.0;TDMA;0;39.79810833333333;13.158602150537634;59.731538775;160.845807375
8;171.13345731227224;144.33175802524303;7.2;6.0;TDMA;5;40.59291666666667;17.741935483870968;59.49460485;164.463308025
8;171.13345731227224;144.33175802524303;7.2;6.0;TDMA;10;41.3385;24.414482526881727;59.54554545000001;166.367276625
8;171.13345731227224;144.33175802524303;7.2;6.0;TDMA;15;39.6312;25.78991124397479;59.4853473;169.1853005625
8;171.13345731227224;144.33175802524303;7.2;12.0;TDMA;10;37.4349;29.062500000000004;58.65790893750001;323.857106475
8;171.13345731227224;144.33175802524303;7.2;18.0;TDMA;0;40.0365;18.750000000000004;58.57195215000001;159.22181669999998
8;171.13345731227224;144.33175802524303;7.2;18.0;TDMA;10;40.085725;22.146464646464647;58.4518542;165.44871851250005
8;199.38578850591853;231.71274327854968;12.3547561691844;6.0;TDMA;0;41.30595;13.68111559139785;59.7024625875;161.49055425
8;199.38578850591853;231.71274327854968;12.3547561691844;6.0;TDMA;5;39.886458333333344;19.398521505376344;59.5052748375;165.1885284
8;199.38578850591853;231.71274327854968;12.3547561691844;18.0;TDMA;5;95.458075;23.54166666666667;58.529616299999994;155.43041655000005
8;199.38578850591853;231.71274327854968;12.3547561691844;18.0;TDMA;10;93.213725;27.051282051282055;58.4166052125;157.7452341
8;205.8035930103645;212.15910682091246;48.0;6.0;TDMA;0;39.966425;20.098706317204304;59.60362353749999;162.44066070000005
8;205.8035930103645;212.15910682091246;48.0;6.0;TDMA;5;41.38741111111111;22.083876816392106;59.514781000000006;165.40048005000003
8;205.8035930103645;212.15910682091246;48.0;6.0;TDMA;10;40.0070015625;26.191640970904487;59.3554104;169.21655805
8;205.8035930103645;212.15910682091246;48.0;12.0;TDMA;0;40.6224;22.10513262322473;58.8133872375;161.814848325
8;205.8035930103645;212.15910682091246;48.0;18.0;TDMA;5;41.21390000000001;20.928030303030305;58.53456701250001;164.2975241625
8;205.8035930103645;212.15910682091246;48.0;18.0;TDMA;10;39.45180000000001;26.42045454545455;58.4349746625;167.09545560000004
8;187.79502352240894;174.45873859568155;15.6;12.0;TDMA;0;41.57035;19.59668124165996;58.784046675;159.959177175
8;187.79502352240894;174.45873859568155;15.6;12.0;TDMA;5;40.68776666666667;22.732770191409895;58.197703275;162.21547919999998
8;187.79502352240894;174.45873859568155;15.6;18.0;TDMA;0;41.26112499999999;14.12878787878788;58.4859775875;159.92159073750003
8;187.79502352240894;174.45873859568155;15.6;18.0;TDMA;5;41.11305;18.93939393939394;57.82149585000001;162.38002923750003
8;187.79502352240894;174.45873859568155;15.6;18.0;TDMA;10;40.0365;25.268308080808087;58.53040770000001;165.3405235125
8;187.79502352240894;174.45873859568155;15.6;18.0;TDMA;15;41.355575;25.549970862470865;58.4439532125;167.60047485
8;163.5756841170619;194.11624055102902;15.692354826475215;12.0;TDMA;10;41.013000000000005;29.127116755793228;58.632383700000005;165.135056175
8;163.5756841170619;194.11624055102902;15.692354826475215;12.0;TDMA;15;39.22861666666667;28.347120098039213;58.67775870000001;167.2503046125
8;163.5756841170619;194.11624055102902;15.692354826475215;18.0;TDMA;5;39.4522;13.759469696969695;58.53521047500002;160.8932388
8;163.5756841170619;194.11624055102902;15.692354826475215;18.0;TDMA;10;38.18315;23.476107226107224;58.60296551249999;164.17864215
8;163.5756841170619;194.11624055102902;15.692354826475215;18.0;TDMA;15;41.797;24.062500000000004;58.381957725;166.29886203750004
8;156.4123565631365;137.67588564488145;7.2;6.0;TDMA;0;41.284928125;10.94310035842294;59.676528575;160.47172185000005
8;156.4123565631365;137.67588564488145;7.2;6.0;TDMA;5;39.66217500000001;9.520503105302186;59.548542075;161.334894375
8;156.4123565631365;137.67588564488145;7.2;6.0;TDMA;10;41.000325;13.325772849462366;59.61914670000001;164.590426875
8;156.4123565631365;137.67588564488145;7.2;12.0;TDMA;10;40.90494166666666;29.54545454545455;58.71770340000001;162.23983717500005
8;156.4123565631365;137.67588564488145;7.2;12.0;TDMA;15;40.65841666666667;17.856924019607845;58.6348885875;162.162735225
8;156.4123565631365;137.67588564488145;7.2;18.0;TDMA;0;41.374516666666665;11.818181818181818;58.553716625;157.97346915000003
8;156.4123565631365;137.67588564488145;7.2;18.0;TDMA;5;40.0385;9.147727272727273;58.599239775;158.7110179875
8;156.4123565631365;137.67588564488145;7.2;18.0;TDMA;10;41.845425;16.43939393939394;58.46588167500001;161.55201802500005
8;156.4123565631365;137.67588564488145;7.2;18.0;TDMA;15;39.696725;13.778409090909092;58.515755887500006;163.38292706250004
8;201.27566397901234;181.8915676313743;21.633307652783937;6.0;TDMA;5;41.2083;19.976478494623656;59.4866842875;164.6213352375
8;201.27566397901234;181.8915676313743;21.633307652783937;6.0;TDMA;10;39.15765;25.433467741935488;59.52655905;168.8641558875
8;201.27566397901234;181.8915676313743;21.633307652783937;6.0;TDMA;15;39.61721666666666;28.851129042791648;59.295402;171.7162203375
8;201.27566397901234;181.8915676313743;21.633307652783937;12.0;TDMA;0;40.787283333333335;21.7374817251462;58.8012860625;160.78093466250004
8;201.27566397901234;181.8915676313743;21.633307652783937;12.0;TDMA;5;40.206716666666665;20.866523692810453;58.641515625;163.1664492
8;201.27566397901234;181.8915676313743;21.633307652783937;18.0;TDMA;0;40.2985;13.493589743589745;58.61952502500001;160.77724494999995
8;201.27566397901234;181.8915676313743;21.633307652783937;18.0;TDMA;5;39.509825000000006;19.914772727272727;58.491635175;163.48354751250002
8;201.27566397901234;181.8915676313743;21.633307652783937;18.0;TDMA;10;39.25530000000001;28.91098484848485;58.4180932875;166.1583676875
9;218.93572601324308;173.61244134068505;36.16973873281365;6.0;TDMA;5;40.48202314814815;22.782892876385922;65.8969048875;184.754974425
9;218.93572601324308;173.61244134068505;36.16973873281365;6.0;TDMA;10;39.992784722222225;22.889797820623738;65.66932998749999;189.5412081375
9;218.93572601324308;173.61244134068505;36.16973873281365;12.0;TDMA;15;40.42294814814815;27.960239651416124;64.76915951250001;189.48970575
9;218.93572601324308;173.61244134068505;36.16973873281365;18.0;TDMA;0;40.145;15.264396097729435;64.7167237875;179.7970384875
9;218.93572601324308;173.61244134068505;36.16973873281365;18.0;TDMA;5;40.8828;20.202020202020204;64.51769235;183.90190815
9;218.93572601324308;173.61244134068505;36.16973873281365;18.0;TDMA;10;42.04276363636364;26.986531986531986;64.63264462500001;189.8299764
9;218.93572601324308;173.61244134068505;36.16973873281365;18.0;TDMA;15;42.188711111111104;25.13347763347764;64.6330896375;188.46094305000003
9;188.35672306129433;140.6853872910652;12.557467897629682;6.0;TDMA;0;40.29191851851851;14.566067349638601;66.0339823875;181.1967723375
9;188.35672306129433;140.6853872910652;12.557467897629682;6.0;TDMA;5;41.40561481481481;17.86290322580645;65.8328473125;184.8187432125
9;188.35672306129433;140.6853872910652;12.557467897629682;6.0;TDMA;15;42.22253691756272;28.946835867669243;65.806627125;193.647564975
9;188.35672306129433;140.6853872910652;12.557467897629682;12.0;TDMA;0;41.02746666666667;17.44702510633883;65.01520455;179.5945723875
9;171.02340606195983;223.8030141910112;30.000166666203707;6.0;TDMA;0;40.3186;12.908195319902775;65.878416375;181.153840575
9;171.02340606195983;223.8030141910112;30.000166666203707;6.0;TDMA;5;40.25613796296295;19.6692054958184;65.890135725;185.0621739
9;171.02340606195983;223.8030141910112;30.000166666203707;6.0;TDMA;10;41.55348148148149;26.10917159304256;65.0702052375;188.38864792500004
9;171.02340606195983;223.8030141910112;30.000166666203707;12.0;TDMA;0;40.159940740740744;23.147289892387928;64.370655975;179.03212076250003
9;171.02340606195983;223.8030141910112;30.000166666203707;18.0;TDMA;0;40.4488;13.459595959595962;64.64933328750001;178.81398615
9;171.02340606195983;223.8030141910112;30.000166666203707;18.0;TDMA;5;40.017644444444436;20.664983164983166;64.6180802625;184.450623825
9;171.02340606195983;223.8030141910112;30.000166666203707;18.0;TDMA;15;40.45093333333333;25.892255892255893;64.50506925;188.98735365
9;246.4495488317768;151.65478939435442;36.712940497868054;12.0;TDMA;0;41.666844444444436;17.82452795933188;64.89541417500001;181.2210481875
9;246.4495488317768;151.65478939435442;36.712940497868054;12.0;TDMA;5;42.248592592592594;19.554997925095964;64.94597366250001;183.79539165
9;145.4581187306805;249.99391831787568;24.000208332429118;6.0;TDMA;0;39.85566666666666;12.240890083632015;66.00834090000001;181.38334361250003
9;145.4581187306805;249.99391831787568;24.000208332429118;6.0;TDMA;5;40.411088888888884;14.891353046594979;65.85672165;182.60794245
9;145.4581187306805;249.99391831787568;24.000208332429118;6.0;TDMA;10;39.750894444444434;20.87355291888106;65.7286773375;185.785167375
9;145.4581187306805;249.99391831787568;24.000208332429118;6.0;TDMA;15;40.051437037037026;27.67019471691329;65.7050198625;189.2297551125
9;145.4581187306805;249.99391831787568;24.000208332429118;12.0;TDMA;15;41.027466666666655;28.594771241830074;64.89509437500001;191.09727255
9;145.4581187306805;249.99391831787568;24.000208332429118;12.0;TDMA;20;40.85386666666667;28.314270152505447;64.72254217499999;192.59282895
9;157.5530745692041;174.98406918203963;24.268498099388022;12.0;TDMA;0;40.304370370370386;14.308862433862435;64.90322786249999;179.355462675
9;157.5530745692041;174.98406918203963;24.268498099388022;12.0;TDMA;5;40.33306666666667;16.974206349206348;64.9034548125;182.16418485
9;157.5530745692041;174.98406918203963;24.268498099388022;12.0;TDMA;10;41.668740740740745;24.77805010893246;64.85322288750001;186.5954509875
9;157.5530745692041;174.98406918203963;24.268498099388022;18.0;TDMA;0;39.759733333333344;17.104377104377107;64.769610525;178.44697649999998
9;157.5530745692041;174.98406918203963;24.268498099388022;18.0;TDMA;5;39.277;16.313131313131315;64.60582181250001;180.9509869125
9;157.5530745692041;174.98406918203963;24.268498099388022;18.0;TDMA;10;39.53740000000001;27.133838383838388;64.4932743375;185.4388978125
9;157.5530745692041;174.98406918203963;24.268498099388022;18.0;TDMA;15;40.190177777777784;20.991970991970998;64.66872727500001;189.512678625
9;246.4830702534782;303.6427492762303;9.372299611087985;6.0;TDMA;0;40.44381481481481;14.356332138590204;65.95844471250001;182.318949975
9;246.4830702534782;303.6427492762303;9.372299611087985;6.0;TDMA;5;41.04323703703703;21.346532155069422;65.74094205;185.90890875
9;246.4830702534782;303.6427492762303;9.372299611087985;6.0;TDMA;10;41.379474074074075;23.331093189964157;65.69909681250002;190.9762388625
9;246.4830702534782;303.6427492762303;9.372299611087985;6.0;TDMA;15;40.940666666666665;26.87169680008946;65.6479059375;192.02513096250004
9;246.4830702534782;303.6427492762303;9.372299611087985;12.0;TDMA;0;38.0802962962963;22.336601307189547;64.31397948749999;339.955211475
9;246.4830702534782;303.6427492762303;9.372299611087985;12.0;TDMA;5;38.597066666666656;27.48229847494553;64.929923325;342.2297673375
9;246.4830702534782;303.6427492762303;9.372299611087985;12.0;TDMA;10;38.62600000000001;29.59286492374727;64.8232058625;344.9243836125
9;246.4830702534782;303.6427492762303;9.372299611087985;12.0;TDMA;15;40.79600000000001;28.216230936819173;64.89161084999999;189.450525225
9;246.4830702534782;303.6427492762303;9.372299611087985;18.0;TDMA;5;40.927622222222226;21.632996632996637;63.9791232;184.1987243625
9;218.67756297023445;210.6236909607714;3.5;6.0;TDMA;0;161.63024648786717;20.48163082437276;65.770920375;172.63949737500005
9;218.67756297023445;210.6236909607714;3.5;6.0;TDMA;5;124.75080740740742;27.339353396778307;65.69894028750001;179.0649961125
9;218.67756297023445;210.6236909607714;3.5;12.0;TDMA;0;41.8376;15.126633986928107;65.05130235;180.3312411375
9;218.67756297023445;210.6236909607714;3.5;12.0;TDMA;5;40.94920000000001;21.93517221703496;64.94655315;184.2469571625
9;218.67756297023445;210.6236909607714;3.5;12.0;TDMA;10;40.54105185185185;25.90511204481793;64.84693800000001;188.093023875
9;218.67756297023445;210.6236909607714;3.5;12.0;TDMA;15;40.159703703703705;28.398887332710864;64.82058435000002;189.90298665
9;218.67756297023445;210.6236909607714;3.5;18.0;TDMA;0;41.856547474747465;20.907580074246745;64.65334998750001;181.70118645
9;218.67756297023445;210.6236909607714;3.5;18.0;TDMA;5;41.4036;20.656565656565657;64.5405039375;182.954866125
9;218.67756297023445;210.6236909607714;3.5;18.0;TDMA;10;40.0148;25.782828282828287;64.579377075;186.71927355000003
9;233.7123603073956;165.21475372432087;26.31805463935357;6.0;TDMA;0;39.91708827160494;15.725059737156515;66.040383025;183.351305375
9;233.7123603073956;165.21475372432087;26.31805463935357;6.0;TDMA;5;40.11665925925927;19.34021340584188;65.687691675;186.24026103750003
9;233.7123603073956;165.21475372432087;26.31805463935357;6.0;TDMA;10;41.766688888888886;25.43346774193548;65.7271855875;187.9241601
9;233.7123603073956;165.21475372432087;26.31805463935357;6.0;TDMA;15;40.552911111111115;28.797536919060835;65.67314685;191.634224325
9;233.7123603073956;165.21475372432087;26.31805463935357;12.0;TDMA;0;40.768725925925935;22.91447504927897;65.00462887500001;181.4955618375
9;233.7123603073956;165.21475372432087;26.31805463935357;12.0;TDMA;10;40.217333333333336;24.16666666666667;64.91019622499999;189.380015025
9;159.90924321328544;163.77827424516138;3.7;6.0;TDMA;0;39.36640740740741;11.31272401433692;66.1200120375;180.296197425
9;159.90924321328544;163.77827424516138;3.7;6.0;TDMA;5;41.480454166666654;17.49344927772347;65.9708514;183.3206695875
9;159.90924321328544;163.77827424516138;3.7;6.0;TDMA;10;40.52113333333333;20.719459378733575;65.19067293750001;187.025781225
9;159.90924321328544;163.77827424516138;3.7;6.0;TDMA;15;40.550066666666666;26.000970728793316;65.656672275;189.8058743625
9;159.90924321328544;163.77827424516138;3.7;12.0;TDMA;5;39.83316481481481;29.815846758621696;64.9548118875;182.126819925
9;159.90924321328544;163.77827424516138;3.7;12.0;TDMA;10;39.69811358024692;22.051561365286855;64.9569702;184.6930993
9;159.90924321328544;163.77827424516138;3.7;12.0;TDMA;15;39.90871111111111;29.0559186637618;64.86307202500001;188.373089625
9;159.90924321328544;163.77827424516138;3.7;18.0;TDMA;0;42.05459999999999;13.274410774410775;64.70719935000001;176.91445905
10;174.7573757689316;300.26367831781096;31.918803235710453;6.0;TDMA;0;39.71390749999999;12.521169354838712;72.2096445;201.160335075
10;174.7573757689316;300.26367831781096;31.918803235710453;6.0;TDMA;5;40.70478666666667;16.190188172043012;72.21874125;203.922034875
10;174.7573757689316;300.26367831781096;31.918803235710453;18.0;TDMA;5;39.74273454545454;15.386363636363637;70.8203652;203.348118675
10;174.7573757689316;300.26367831781096;31.918803235710453;18.0;TDMA;10;40.586220000000004;23.36363636363637;70.72659716250001;204.46598666250003
10;181.14537736718026;205.76377085411147;9.372299611087985;6.0;TDMA;0;39.377548333333344;11.360887096774194;72.35314050000002;200.3340412125
10;181.14537736718026;205.76377085411147;9.372299611087985;6.0;TDMA;5;40.10372;18.064516129032253;72.2971194375;205.2563331
10;181.14537736718026;205.76377085411147;9.372299611087985;6.0;TDMA;10;40.55004;20.951890989988875;72.18598646250003;209.3043041625
10;181.14537736718026;205.76377085411147;9.372299611087985;6.0;TDMA;15;40.46914666666667;28.19000278086763;71.962846875;214.70006625
10;181.14537736718026;205.76377085411147;9.372299611087985;18.0;TDMA;5;123.82916000000002;28.16666666666667;70.82726216249998;200.43529035
10;181.14537736718026;205.76377085411147;9.372299611087985;18.0;TDMA;10;40.73958;20.045454545454547;70.7307603;204.07433415
10;181.14537736718026;205.76377085411147;9.372299611087985;18.0;TDMA;15;40.466159999999995;20.58838383838384;70.71437846250002;208.99464240000003
10;333.20940277419606;212.8638554976881;49.2;6.0;TDMA;0;39.763613333333346;21.395161290322584;72.0988078125;206.2428551625
10;333.20940277419606;212.8638554976881;49.2;6.0;TDMA;5;40.2064;20.742491657397107;71.94426105;210.223528275
10;267.03603563533676;187.8248707693781;30.215227948834013;6.0;TDMA;0;40.311626666666655;16.174429922135705;72.29608425;203.6779510875
10;267.03603563533676;187.8248707693781;30.215227948834013;6.0;TDMA;5;39.554759999999995;20.619565721171668;72.09014077500002;206.837148075
10;267.03603563533676;187.8248707693781;30.215227948834013;6.0;TDMA;10;40.80596;24.050885788130604;72.02701912500002;210.7191333375
10;267.03603563533676;187.8248707693781;30.215227948834013;12.0;TDMA;0;41.36762083333333;15.84080298786181;71.1491644125;202.1292739125
10;267.03603563533676;187.8248707693781;30.215227948834013;12.0;TDMA;5;40.987813333333335;19.57878151260504;71.14421385;205.706640525
10;267.03603563533676;187.8248707693781;30.215227948834013;12.0;TDMA;10;39.68837333333333;28.85199518403853;70.99337385000003;208.6963318125
10;267.03603563533676;187.8248707693781;30.215227948834013;18.0;TDMA;0;41.5989;21.712121212121215;70.8291888375;200.7167138625
10;267.03603563533676;187.8248707693781;30.215227948834013;18.0;TDMA;5;39.68688;19.893939393939398;70.7688304875;206.86640625
10;267.03603563533676;187.8248707693781;30.215227948834013;18.0;TDMA;10;41.28994;20.446969696969703;70.80230542500001;208.3511341125
10;225.6835179162971;265.444140148504;43.36634639902236;6.0;TDMA;5;40.83576;19.04301075268817;72.162474675;204.53906730000003
10;225.6835179162971;265.444140148504;43.36634639902236;12.0;TDMA;10;39.47664;25.375;71.087766075;206.244196875
10;225.6835179162971;265.444140148504;43.36634639902236;18.0;TDMA;0;39.25946;13.257575757575758;70.79978242500002;199.8205591875
10;225.6835179162971;265.444140148504;43.36634639902236;18.0;TDMA;15;41.09272;27.503108003108007;70.69656491250002;210.1938579375
10;165.4847245996123;202.0309671404609;18.0;6.0;TDMA;0;150.3368933333333;21.18279569892473;72.13095000000001;196.071955275
10;165.4847245996123;202.0309671404609;18.0;6.0;TDMA;5;158.08409609195405;26.348454301075268;71.8448792625;199.024983075
10;165.4847245996123;202.0309671404609;18.0;18.0;TDMA;5;39.02382;25.39556277056277;70.716085725;192.59653635
10;165.4847245996123;202.0309671404609;18.0;18.0;TDMA;10;38.7885;22.18939393939394;70.03673415;195.7044736125
10;215.69600199830066;221.56735847709353;30.215227948834013;6.0;TDMA;0;38.79831375000001;18.493737781036167;72.13728416250002;358.6874544000001
10;215.69600199830066;221.56735847709353;30.215227948834013;6.0;TDMA;5;38.66214000000001;21.846438172043012;71.3055113625;361.8946144875
10;215.69600199830066;221.56735847709353;30.215227948834013;6.0;TDMA;10;38.82745333333333;26.188345847237677;71.840905425;366.0266496375
10;205.37495166452408;200.99351912885385;9.372299611087985;6.0;TDMA;0;39.62273999999999;13.75436827956989;72.3236476875;203.26976340000002
10;205.37495166452408;200.99351912885385;9.372299611087985;6.0;TDMA;5;40.65153333333333;18.738111790878754;72.20586015;206.9916864
10;205.37495166452408;200.99351912885385;9.372299611087985;6.0;TDMA;10;41.602526666666655;21.18010752688172;72.07155371249998;208.07027133750003
10;205.37495166452408;200.99351912885385;9.372299611087985;12.0;TDMA;0;41.429640000000006;15.06045751633987;71.2544403;198.74646712500004
10;205.37495166452408;200.99351912885385;9.372299611087985;18.0;TDMA;5;40.82281999999999;22.59093031151855;70.82063741249998;203.0132128125
10;205.37495166452408;200.99351912885385;9.372299611087985;18.0;TDMA;10;41.25184;23.59090909090909;70.7165863875;205.0755161625
10;162.520921214415;245.35270652577836;27.988569095257443;6.0;TDMA;0;40.28686;10.980174731182792;72.32172847499999;199.9921540875
10;162.520921214415;245.35270652577836;27.988569095257443;6.0;TDMA;5;41.37084;17.588434750733136;72.083331975;204.28638776250003
10;162.520921214415;245.35270652577836;27.988569095257443;6.0;TDMA;15;39.61121333333333;29.500194801953697;71.9603831625;211.1331427875
10;162.520921214415;245.35270652577836;27.988569095257443;12.0;TDMA;15;39.89349333333333;26.987103174603178;71.0231598;208.43069805
10;162.520921214415;245.35270652577836;27.988569095257443;18.0;TDMA;0;39.48966;14.257575757575758;70.710063675;198.2207957625
10;267.2086966956762;159.66474221778267;30.0;6.0;TDMA;0;40.442466666666654;13.551075268817206;72.29619772500001;203.142044925
10;267.2086966956762;159.66474221778267;30.0;6.0;TDMA;5;40.911186666666666;20.521459028550247;71.9772276375;205.88223990000003
10;267.2086966956762;159.66474221778267;30.0;6.0;TDMA;10;39.5205;23.117178809788648;72.1606749375;209.89161236250004
10;267.2086966956762;159.66474221778267;30.0;18.0;TDMA;0;41.28642;17.909090909090907;70.7449815;200.0606227875
10;267.2086966956762;159.66474221778267;30.0;18.0;TDMA;5;41.13018;16.545454545454547;70.81922145;204.61777245
10;267.2086966956762;159.66474221778267;30.0;18.0;TDMA;10;39.88026000000001;23.72474747474748;70.70215533750002;208.19305425
11;197.043320557004;194.04537363588975;16.144348856488453;6.0;TDMA;0;36.878902651515155;20.630804007820142;72.34026165;219.54219795
11;197.043320557004;194.04537363588975;16.144348856488453;6.0;TDMA;5;36.980969696969694;25.44568670576735;72.0739789875;224.8766971125
11;197.043320557004;194.04537363588975;16.144348856488453;12.0;TDMA;0;36.31396363636364;20.88495246583482;71.28246337499998;219.3354538125
11;197.043320557004;194.04537363588975;16.144348856488453;12.0;TDMA;5;36.10168484848485;23.739973262032088;71.15585595000002;221.960286225
11;197.043320557004;194.04537363588975;16.144348856488453;12.0;TDMA;10;36.41466666666667;29.026292335115862;71.01316076250002;225.2330657625
11;197.043320557004;194.04537363588975;16.144348856488453;18.0;TDMA;0;36.29698181818182;21.71858444585717;70.8255529125;216.8895069
11;197.043320557004;194.04537363588975;16.144348856488453;18.0;TDMA;5;37.21905454545454;22.706611570247933;70.781847;221.5864714875
11;197.043320557004;194.04537363588975;16.144348856488453;18.0;TDMA;10;37.25485454545454;28.05096418732783;70.8064907625;224.9715666375
11;273.3591440494121;288.0858104249933;48.55193096057046;6.0;TDMA;0;37.43851515151515;23.85355571847507;72.2273061375;224.30527470000004
11;273.3591440494121;288.0858104249933;48.55193096057046;6.0;TDMA;5;36.5506909090909;27.916972140762464;72.06080531250002;227.660996175
11;273.3591440494121;288.0858104249933;48.55193096057046;12.0;TDMA;0;37.146;22.608437314319662;71.2349553;222.9122175375
11;273.3591440494121;288.0858104249933;48.55193096057046;12.0;TDMA;5;37.45083636363636;26.717914438502675;71.0380919625;225.35522895
11;273.3591440494121;288.0858104249933;48.55193096057046;12.0;TDMA;10;36.053563636363634;29.617869875222816;71.05888680000002;230.2753039875
11;273.3591440494121;288.0858104249933;48.55193096057046;18.0;TDMA;0;36.009709090909084;21.66666666666667;70.783832175;220.4879119125
11;273.3591440494121;288.0858104249933;48.55193096057046;18.0;TDMA;15;36.539145454545455;28.260697635697635;70.0503199875;225.1835946
11;189.9751717435043;225.0189819291754;12.442266674525184;12.0;TDMA;5;35.98312727272727;25.57322805880363;71.2140620625;221.7033662625
11;303.4039484111154;338.40580096533466;15.692354826475215;6.0;TDMA;0;36.45710265151516;22.012463343108507;71.45449005;223.31362406250003
11;303.4039484111154;338.40580096533466;15.692354826475215;6.0;TDMA;5;37.69730303030303;25.014546887113628;72.0690575625;225.51999866250003
11;223.0091108568421;197.95675641351863;12.3547561691844;12.0;TDMA;0;36.77553181818182;21.1523321449792;71.276645625;219.38001945
11;223.0091108568421;197.95675641351863;12.3547561691844;12.0;TDMA;5;35.77511515151515;24.37409812409813;71.2207755;222.36946241250004
11;209.50575981120016;247.0235280860759;30.899190927919133;6.0;TDMA;0;36.55340606060607;20.899315738025415;72.3370154625;221.7614209875
11;209.50575981120016;247.0235280860759;30.899190927919133;6.0;TDMA;5;37.24961818181818;24.542399804496583;72.1666522125;223.53004005
11;209.50575981120016;247.0235280860759;30.899190927919133;6.0;TDMA;10;36.45378068181818;29.1171549655724;72.09104261249998;227.26050255
11;306.07831256114497;265.8627819219453;9.372299611087985;6.0;TDMA;0;36.458481818181816;23.508499950095405;72.19983097500003;225.103503675
11;211.86459946929355;214.70306159827942;25.05673562138532;6.0;TDMA;0;36.92110909090909;21.523399315738025;72.1606215375;220.552169325
11;211.86459946929355;214.70306159827942;25.05673562138532;6.0;TDMA;5;37.36904848484849;26.40856882609082;72.005834325;224.14559613750004
11;211.86459946929355;214.70306159827942;25.05673562138532;6.0;TDMA;10;37.11322424242425;28.3170273367715;72.1729778625;230.97292507500003
11;211.86459946929355;214.70306159827942;25.05673562138532;12.0;TDMA;0;37.453551515151524;24.582961972667857;71.1613900125;219.6481091625
11;211.86459946929355;214.70306159827942;25.05673562138532;18.0;TDMA;0;37.57996363636364;23.08310376492195;70.7465777625;218.6520233625
11;273.7885006237832;163.95877092978859;36.0;6.0;TDMA;0;35.804871590909094;27.010630498533722;72.1009979625;381.740326125
11;273.7885006237832;163.95877092978859;36.0;6.0;TDMA;5;35.02670909090909;29.858260019550343;71.9914531875;383.92678725
11;273.7885006237832;163.95877092978859;36.0;18.0;TDMA;0;36.13534214876033;23.47107438016529;70.85824766249998;219.7268905125
